<?xml version="1.0" encoding="utf-8"?>
<persons>
    <person birthday="1970-7-8" first="Nuhn" name="Harry" sex="Male">
        <cid>1</cid>
        <pid>0</pid>
        <halfid>0</halfid>
    </person>
    <person birthday="1977-7-8" first="Potter" name="Joe" sex="Female">
        <cid>2</cid>
        <pid>0</pid>
        <halfid>8</halfid>
    </person>
    <person birthday="1974-7-8" first="White" name="Mike" sex="Female">
        <cid>3</cid>
        <pid>1</pid>
        <halfid>0</halfid>
    </person>
    <person birthday="1984-7-8" first="White" name="Georgia" sex="Female">
        <cid>4</cid>
        <pid>3</pid>
        <halfid>0</halfid>
    </person>
    <person birthday="1974-7-8" first="Black" name="Frank" sex="Male">
        <cid>5</cid>
        <pid>1</pid>
        <halfid>0</halfid>
    </person>
    <person birthday="1978-7-8" first="Lee" name="Bob" sex="Male">
        <cid>6</cid>
        <pid>3</pid>
        <halfid>0</halfid>
    </person>
    <person birthday="1960-7-8" first="Green" name="Danny" sex="Male">
        <cid>7</cid>
        <pid>0</pid>
        <halfid>0</halfid>
    </person>
    <person birthday="1974-7-8" first="Lee" name="Jack" sex="Male">
        <cid>8</cid>
        <pid>0</pid>
        <halfid>2</halfid>
    </person>
    <person birthday="1974-7-8" first="Black" name="Jakkie" sex="Male">
        <cid>9</cid>
        <pid>0</pid>
        <halfid>0</halfid>
    </person>
    <person birthday="1970-7-8" first="Green" name="John" sex="Male">
        <cid>10</cid>
        <pid>0</pid>
        <halfid>0</halfid>
    </person>
    <person birthday="1979-8-9" first="Lee" name="Juddy" sex="Male">
        <cid>11</cid>
        <pid>6</pid>
        <halfid>0</halfid>
    </person>
    <person birthday="1974-7-8" first="Lee" name="Lizy" sex="Female">
        <cid>12</cid>
        <pid>0</pid>
        <halfid>0</halfid>
    </person>
    <person birthday="1980-8-8" first="Lee" name="Richard" sex="Male">
        <cid>13</cid>
        <pid>12</pid>
        <halfid>0</halfid>
    </person>
<person first="fdf" name="adfdf" sex="Male" birthday="2014-02-12"><cid>14</cid><pid>6</pid></person><person first="heihei" name="haha" sex="Male" birthday="2014-02-12"><cid>15</cid><pid>2</pid></person></persons>
